{"cameraMode":{"drawMode":0,"name":"Shaded","section":"Shading Mode"},"sceneLighting":false,"audioPlay":false,"sceneViewState":{"m_AlwaysRefresh":false,"showFog":true,"showSkybox":false,"showFlares":true,"showImageEffects":true,"showParticleSystems":true,"showVisualEffectGraphs":true,"m_FxEnabled":true},"in2DMode":false,"pivot":{"x":0.6301863789558411,"y":1.2844303846359254,"z":1.5757126808166505},"rotation":{"x":0.0004093898751307279,"y":0.9991958141326904,"z":-0.038988564163446429,"w":0.010491612367331982},"size":1.6096746921539307,"orthographic":true}